{
  "baseline/.gitkeep": {
    "hash": "e3b0c44298fc1c149afbf4c8996fb92427ae41e4649b934ca495991b7852b855",
    "size": 0,
    "last_modified": 1770910846.1664987
  },
  "test_assets/sample.txt": {
    "hash": "b59f66c4a106de23131512c5291afeff37aa828344eaf732ac3438df2911f60d",
    "size": 83,
    "last_modified": 1770910757.9736934
  }
}